"time","value"
1991-07-01,99.3444965637995
1991-08-01,99.1601308574614
1991-09-01,98.598116012888
1991-10-01,100.952451191598
1991-11-01,99.4780579937936
1991-12-01,100.024474093799
1992-01-01,97.9979841947098
1992-02-01,99.9123235824405
1992-03-01,101.256462632428
1992-04-01,104.617796969388
1992-05-01,102.91405036347
1992-06-01,102.211376222997
1992-07-01,100.662381741013
1992-08-01,96.2405593932116
1992-09-01,96.5831222199711
1992-10-01,94.242664629166
1992-11-01,95.2703436890503
1992-12-01,95.3192267086001
1993-01-01,97.7613456105595
1993-02-01,101.687162246533
1993-03-01,102.543981855326
1993-04-01,101.731231325723
1993-05-01,102.973482706715
1993-06-01,105.924732271355
1993-07-01,103.509788962501
1993-08-01,105.475949864843
1993-09-01,105.070436016268
1993-10-01,107.224956802485
1993-11-01,108.502623004872
1993-12-01,108.597538621102
1994-01-01,107.548745396201
1994-02-01,104.94110040793
1994-03-01,106.816045820919
1994-04-01,104.881361550227
1994-05-01,104.841975629321
1994-06-01,106.510347589854
1994-07-01,106.390310535065
1994-08-01,105.94767419649
1994-09-01,108.165600556599
1994-10-01,107.108112528639
1994-11-01,110.146131756015
1994-12-01,108.694911172302
1995-01-01,108.331958664331
1995-02-01,106.396795568888
1995-03-01,102.656155341455
1995-04-01,102.742428009068
1995-05-01,101.961133292779
1995-06-01,98.8051786969787
1995-07-01,97.5841823822158
1995-08-01,96.4300044684659
1995-09-01,95.9936477196356
1995-10-01,95.523771830646
1995-11-01,91.0007277495226
1995-12-01,92.4338524266849
1996-01-01,92.5392888909269
1996-02-01,92.6334448028612
1996-03-01,95.5910590395691
1996-04-01,94.4281646839013
1996-05-01,94.3153317269514
1996-06-01,96.7993602220935
1996-07-01,100.450072379418
1996-08-01,101.488119114721
1996-09-01,100.780548913779
1996-10-01,100.450934124991
1996-11-01,101.352609321113
1996-12-01,100.471426408486
1997-01-01,99.1679515579239
1997-02-01,100.681700698621
1997-03-01,100.202729169027
1997-04-01,100.843434785948
1997-05-01,99.9256769203728
1997-06-01,98.4959429955153
1997-07-01,96.7731185139848
1997-08-01,99.2267819586372
1997-09-01,101.450278095926
1997-10-01,103.505246984649
1997-11-01,102.567717629301
1997-12-01,100.624299434717
1998-01-01,97.9120823689786
1998-02-01,96.4036834696806
1998-03-01,95.0188760349786
1998-04-01,94.0853417974893
1998-05-01,93.702561010835
1998-06-01,94.0333035219863
1998-07-01,94.2140450195869
1998-08-01,92.253125612917
1998-09-01,90.8121704679221
1998-10-01,87.8543542743344
1998-11-01,88.6226483913793
1998-12-01,90.428716847154
1999-01-01,94.1907862868507
1999-02-01,95.6907330161598
1999-03-01,97.0536213380009
1999-04-01,99.3134193333442
1999-05-01,105.251318732609
1999-06-01,108.853199921229
1999-07-01,115.610624250758
1999-08-01,109.383641521983
1999-09-01,107.390523190467
1999-10-01,106.96336679399
1999-11-01,109.902660029799
1999-12-01,108.642077225997
2000-01-01,110.197907375524
2000-02-01,115.410700774384
2000-03-01,109.666759747917
2000-04-01,116.766029584194
2000-05-01,116.028592692965
2000-06-01,106.579572751446
2000-07-01,101.293090694213
2000-08-01,102.956817139608
2000-09-01,99.4674866350279
2000-10-01,99.1357191079965
2000-11-01,98.4303317047678
2000-12-01,97.4156761485321
2001-01-01,93.9629575386618
2001-02-01,88.9234458381353
2001-03-01,87.5459571693465
2001-04-01,80.0433437491058
2001-05-01,80.1755884851704
2001-06-01,83.7459954448804
2001-07-01,84.5553351804783
2001-08-01,83.1296653535657
2001-09-01,85.8675931682814
2001-10-01,81.2720526032554
2001-11-01,78.3852092325461
2001-12-01,78.2015108999537
2002-01-01,89.8332805731024
2002-02-01,92.2679090079602
2002-03-01,100.20271463093
2002-04-01,106.392046068454
2002-05-01,112.735140608008
2002-06-01,111.798612300267
2002-07-01,110.379927985984
2002-08-01,108.590268520063
2002-09-01,104.500281281591
2002-10-01,106.424839296461
2002-11-01,107.241259307763
2002-12-01,109.651271614475
2003-01-01,104.540698297143
2003-02-01,103.818333613893
2003-03-01,102.867757112229
2003-04-01,98.482624307665
2003-05-01,92.7553077312099
2003-06-01,93.727368357635
2003-07-01,96.6766320193648
2003-08-01,98.7565551244898
2003-09-01,104.433157982442
2003-10-01,106.630180545243
2003-11-01,111.96224814386
2003-12-01,110.618969680857
2004-01-01,111.993038692346
2004-02-01,107.522295133376
2004-03-01,108.30981667245
2004-04-01,110.643406922888
2004-05-01,114.939120919706
2004-06-01,116.031915227963
2004-07-01,115.136581114543
2004-08-01,109.355584200007
2004-09-01,107.921836729549
2004-10-01,106.041586581965
2004-11-01,101.260337277202
2004-12-01,100.454177074741
2005-01-01,99.1827846946181
2005-02-01,106.075001170341
2005-03-01,107.279998513938
2005-04-01,104.403014899349
2005-05-01,98.7222967721598
2005-06-01,97.9101338167646
2005-07-01,97.2923841958559
2005-08-01,99.839146643182
2005-09-01,100.835577949218
2005-10-01,102.158657474214
2005-11-01,102.661073861553
2005-12-01,104.338861401024
2006-01-01,104.580977957206
2006-02-01,105.651955087103
2006-03-01,104.853026520402
2006-04-01,106.025349357157
2006-05-01,107.330348118735
2006-06-01,108.574900044069
2006-07-01,107.949930683617
2006-08-01,105.234815227485
2006-09-01,104.996495686912
2006-10-01,106.111271273005
2006-11-01,108.141933052115
2006-12-01,109.241010123342
2007-01-01,109.369588423845
2007-02-01,108.910630291483
2007-03-01,108.242535483088
2007-04-01,108.38229350618
2007-05-01,105.080777221884
2007-06-01,102.727189262837
2007-07-01,104.498959189735
2007-08-01,104.802565687022
2007-09-01,105.536883363506
2007-10-01,104.776055990604
2007-11-01,102.523606311132
2007-12-01,104.01034831381
2008-01-01,102.89602073993
2008-02-01,99.4622469583722
2008-03-01,98.6645734455728
2008-04-01,97.2834029612259
2008-05-01,93.5174253261584
2008-06-01,91.6249702330932
2008-07-01,89.4730626241167
2008-08-01,87.3804753281206
2008-09-01,86.8026357329618
2008-10-01,83.5789078831221
2008-11-01,69.1951803888895
2008-12-01,56.1900096921658
2009-01-01,53.4656594551293
2009-02-01,57.1183989178281
2009-03-01,63.0649399206152
2009-04-01,65.882357797124
2009-05-01,80.2257392454932
2009-06-01,86.5282033214669
2009-07-01,93.4252537623751
2009-08-01,98.522970826149
2009-09-01,103.022996295824
2009-10-01,103.92773558546
2009-11-01,114.038313760854
2009-12-01,115.973686567686
2010-01-01,121.232774581114
2010-02-01,123.789679520558
2010-03-01,121.369167010795
2010-04-01,124.22570986689
2010-05-01,122.039547616672
2010-06-01,121.496758965121
2010-07-01,115.105210578609
2010-08-01,112.017740804911
2010-09-01,107.775840371295
2010-10-01,109.847402979905
2010-11-01,108.558511414794
2010-12-01,111.770399818639
2011-01-01,109.647299950891
2011-02-01,107.806915480704
2011-03-01,109.061149684447
2011-04-01,104.276303603806
2011-05-01,97.2713426302843
2011-06-01,98.836813398166
2011-07-01,99.2870355949033
2011-08-01,102.185109370432
2011-09-01,101.513108436034
2011-10-01,98.7478789828572
2011-11-01,95.5672703123822
2011-12-01,93.2119466352712
2012-01-01,93.4349865695764
2012-02-01,92.885616746522
2012-03-01,95.4461147411491
2012-04-01,96.2051824386935
2012-05-01,97.0247286682173
2012-06-01,92.7729711513459
2012-07-01,91.6937869269612
2012-08-01,91.4595456218406
2012-09-01,91.4474902219512
2012-10-01,92.3544476504463
2012-11-01,91.9787063230802
2012-12-01,94.2326075606328
2013-01-01,97.098549103585
2013-02-01,102.737042717651
2013-03-01,102.667138857139
2013-04-01,104.190552860144
2013-05-01,100.871334246041
2013-06-01,103.064737915418
2013-07-01,105.689064465603
2013-08-01,105.442275546092
2013-09-01,108.165860110382
2013-10-01,108.443437705929
2013-11-01,109.862803844108
2013-12-01,109.662948595782
2014-01-01,108.016726536003
2014-02-01,106.746379679847
2014-03-01,105.912179488779
2014-04-01,102.146065909443
2014-05-01,103.387834172621
2014-06-01,103.694783791458
2014-07-01,102.87924695396
2014-08-01,104.819018494828
2014-09-01,103.009355223058
2014-10-01,103.065111385226
2014-11-01,102.435626896494
2014-12-01,100.538619217064
2015-01-01,96.9327843194228
2015-02-01,96.6820748627584
2015-03-01,95.4641303586889
2015-04-01,97.2207684782083
2015-05-01,97.1688089599386
2015-06-01,96.8960886546879
2015-07-01,95.0656968534507
2015-08-01,95.7977923992184
2015-09-01,93.2587849771851
2015-10-01,90.8976118905353
2015-11-01,91.7411689545185
2015-12-01,93.402734906208
2016-01-01,95.9460883502636
2016-02-01,95.5901886228901
2016-03-01,93.9049643359219
2016-04-01,96.2268159279917
2016-05-01,99.8102874265049
2016-06-01,100.021766062744
2016-07-01,100.887817887854
2016-08-01,101.809637209826
2016-09-01,105.122483799231
2016-10-01,107.39932797971
2016-11-01,109.038591135776
2016-12-01,109.938446289945
2017-01-01,110.56640503568
2017-02-01,113.180027384931
2017-03-01,114.571446409031
2017-04-01,114.759739478556
2017-05-01,112.487757922968
2017-06-01,114.087723458378
2017-07-01,115.090185947961
2017-08-01,112.681075481269
2017-09-01,112.377275628373
2017-10-01,113.433788053568
2017-11-01,112.370251517323
2017-12-01,110.669370521278
2018-01-01,109.287231672456
2018-02-01,108.021889440532
2018-03-01,105.804317101153
2018-04-01,104.038668740825
2018-05-01,102.449995136436
2018-06-01,102.719072951972
2018-07-01,101.464155646726
2018-08-01,100.528382207224
2018-09-01,97.4559598158932
2018-10-01,95.1604910870211
2018-11-01,94.431371765584
2018-12-01,93.6529591489364
2019-01-01,93.3446383423321
2019-02-01,90.288508073767
2019-03-01,92.1423058746909
2019-04-01,94.5344963448143
2019-05-01,95.3429045631385
2019-06-01,92.2716309105355
2019-07-01,91.1666291091975
2019-08-01,90.2360502788793
2019-09-01,90.2547058617031
2019-10-01,90.5190740970064
2019-11-01,89.6221151346543
2019-12-01,93.8955237999291
2020-01-01,96.4783071320962
2020-02-01,97.6434182994192
2020-03-01,85.9152891461596
2020-04-01,79.1618082991664
2020-05-01,48.2692837191472
2020-06-01,56.3647415226736
2020-07-01,77.13148971026
2020-08-01,103.100116789423
2020-09-01,106.849741066772
2020-10-01,109.158164164525
2020-11-01,109.461161541418
2020-12-01,107.630905453914
2021-01-01,108.341056358602
2021-02-01,107.635992948868
2021-03-01,108.278995218018
2021-04-01,118.09812507719
2021-05-01,133.344604208749
2021-06-01,128.116907966277
2021-07-01,122.87262192529
2021-08-01,117.542214855323
2021-09-01,113.055028623262
2021-10-01,107.04710250073
2021-11-01,106.179823532816
2021-12-01,108.211905880501
2022-01-01,106.567599883258
2022-02-01,105.680719542817
2022-03-01,102.321024702442
2022-04-01,98.6646169448848
2022-05-01,95.148900131875
2022-06-01,97.0200997383998
2022-07-01,92.4245727026426
2022-08-01,88.036444240963
2022-09-01,89.7982198058401
2022-10-01,91.2010024931113
2022-11-01,91.6921022435247
2022-12-01,88.7169590908352
2023-01-01,88.2527838806425
2023-02-01,90.1138556964084
2023-03-01,93.9652266513381
2023-04-01,92.8765023738037
2023-05-01,95.1692781226711
2023-06-01,94.6558123795631
2023-07-01,95.5474612238855
2023-08-01,93.2392715370596
2023-09-01,93.5084342172785
2023-10-01,93.469555303468
2023-11-01,93.4707191842858
2023-12-01,93.7025187315925
2024-01-01,94.8069436002527
2024-02-01,96.1185079094449
2024-03-01,97.2803682877161
2024-04-01,98.3194519836946
2024-05-01,97.4720932071772
2024-06-01,97.4394001650266
2024-07-01,97.6664137785381
2024-08-01,97.2421035150727
2024-09-01,97.4012611817873
2024-10-01,97.9695612904388
2024-11-01,100.574626793105
2024-12-01,101.474423021452
2025-01-01,101.107471966189
2025-02-01,100.742379185402
2025-03-01,100.715685524868
2025-04-01,98.8583844520579
2025-05-01,94.1097217292409
2025-06-01,96.1610373935028
2025-07-01,97.7375885526721
2025-08-01,100.280466282684
2025-09-01,101.231111652883
2025-10-01,100.921315733302
2025-11-01,98.7699004474908
2025-12-01,100.221855743791
2026-01-01,100.676245904946
2026-02-01,101.079892423582
2026-03-01,100.364770088857
2026-04-01,102.22117234763
2026-05-01,100.294367560849
2026-06-01,101.155674803057
